Workbook

Sheet Line productivity
A1: Date | B1: Product | C1: Batch | D1: Operator | E1: Start Time | F1: End Time
A2: 45533 | B2: OR-600 | C2: 422111 | D2: Mac | E2: 0.49305556 | F2: 0.58680556
A3: 45533 | B3: LE-600 | C3: 422112 | D3: Mac | E3: 0.58680556 | F3: 0.65625
A4: 45533 | B4: LE-600 | C4: 422113 | D4: Mac | E4: 0.65625 | F4: 0.73263889
A5: 45533 | B5: LE-600 | C5: 422114 | D5: Mac | E5: 0.73263889 | F5: 0.80208333
A6: 45533 | B6: LE-600 | C6: 422115 | D6: Charlie | E6: 0.80208333 | F6: 0.86041667
A7: 45533 | B7: LE-600 | C7: 422116 | D7: Charlie | E7: 0.86041667 | F7: 0.90208333
A8: 45533 | B8: LE-600 | C8: 422117 | D8: Charlie | E8: 0.90208333 | F8: 0.95416667
A9: 45534 | B9: CO-600 | C9: 422118 | D9: Dee | E9: 0.17013889 | F9: 0.25347222
A10: 45534 | B10: CO-600 | C10: 422119 | D10: Dee | E10: 0.25347222 | F10: 0.3125
A11: 45534 | B11: CO-600 | C11: 422120 | D11: Dee | E11: 0.3125 | F11: 0.39027778
A12: 45534 | B12: CO-600 | C12: 422121 | D12: Dennis | E12: 0.39027778 | F12: 0.44236111
A13: 45534 | B13: CO-600 | C13: 422122 | D13: Dennis | E13: 0.44236111 | F13: 0.50138889
... A39: 45538 | B39: CO-2L | C39: 422148 | D39: Mac | E39: 0.95486111 | F39: 1.0451389

Sheet Line productivity worksheet 2
A1: Date | B1: Product | C1: Batch | D1: Operator | E1: Start Time | F1: End Time | G1: Batch Time | H1: Min. Batch Time | J1: Efficiency of the process
A2: 45533 | B2: OR-600 | C2: 422111 | D2: Mac | E2: 0.49305556 | F2: 0.58680556 | G2: =(F2-E2)*60*24 -> 135 | H2: =_xlfn.XLOOKUP(B2,Products!$A$2:$A$7,Products!$D$2:$D$7,,0) -> 60 | J2: 0.6402281
A3: 45533 | B3: LE-600 | C3: 422112 | D3: Mac | E3: 0.58680556 | F3: 0.65625 | G3: =(F3-E3)*60*24 -> 100 | H3: =_xlfn.XLOOKUP(B3,Products!$A$2:$A$7,Products!$D$2:$D$7,,0) -> 60
A4: 45533 | B4: LE-600 | C4: 422113 | D4: Mac | E4: 0.65625 | F4: 0.73263889 | G4: =(F4-E4)*60*24 -> 110 | H4: =_xlfn.XLOOKUP(B4,Products!$A$2:$A$7,Products!$D$2:$D$7,,0) -> 60
A5: 45533 | B5: LE-600 | C5: 422114 | D5: Mac | E5: 0.73263889 | F5: 0.80208333 | G5: =(F5-E5)*60*24 -> 100 | H5: =_xlfn.XLOOKUP(B5,Products!$A$2:$A$7,Products!$D$2:$D$7,,0) -> 60
A6: 45533 | B6: LE-600 | C6: 422115 | D6: Charlie | E6: 0.80208333 | F6: 0.86041667 | G6: =(F6-E6)*60*24 -> 84 | H6: =_xlfn.XLOOKUP(B6,Products!$A$2:$A$7,Products!$D$2:$D$7,,0) -> 60
A7: 45533 | B7: LE-600 | C7: 422116 | D7: Charlie | E7: 0.86041667 | F7: 0.90208333 | G7: =(F7-E7)*60*24 -> 60 | H7: =_xlfn.XLOOKUP(B7,Products!$A$2:$A$7,Products!$D$2:$D$7,,0) -> 60
A8: 45533 | B8: LE-600 | C8: 422117 | D8: Charlie | E8: 0.90208333 | F8: 0.95416667 | G8: =(F8-E8)*60*24 -> 75 | H8: =_xlfn.XLOOKUP(B8,Products!$A$2:$A$7,Products!$D$2:$D$7,,0) -> 60
A9: 45534 | B9: CO-600 | C9: 422118 | D9: Dee | E9: 0.17013889 | F9: 0.25347222 | G9: =(F9-E9)*60*24 -> 120 | H9: =_xlfn.XLOOKUP(B9,Products!$A$2:$A$7,Products!$D$2:$D$7,,0) -> 60 | J9: Row Labels | K9: Sum of Efficiency
A10: 45534 | B10: CO-600 | C10: 422119 | D10: Dee | E10: 0.25347222 | F10: 0.3125 | G10: =(F10-E10)*60*24 -> 85 | H10: =_xlfn.XLOOKUP(B10,Products!$A$2:$A$7,Products!$D$2:$D$7,,0) -> 60 | J10: Charlie | K10: 0.66839378
A11: 45534 | B11: CO-600 | C11: 422120 | D11: Dee | E11: 0.3125 | F11: 0.39027778 | G11: =(F11-E11)*60*24 -> 112 | H11: =_xlfn.XLOOKUP(B11,Products!$A$2:$A$7,Products!$D$2:$D$7,,0) -> 60 | J11: Dee | K11: 0.6407767
A12: 45534 | B12: CO-600 | C12: 422121 | D12: Dennis | E12: 0.39027778 | F12: 0.44236111 | G12: =(F12-E12)*60*24 -> 75 | H12: =_xlfn.XLOOKUP(B12,Products!$A$2:$A$7,Products!$D$2:$D$7,,0) -> 60 | J12: Dennis | K12: 0.63170732
A13: 45534 | B13: CO-600 | C13: 422122 | D13: Dennis | E13: 0.44236111 | F13: 0.50138889 | G13: =(F13-E13)*60*24 -> 85 | H13: =_xlfn.XLOOKUP(B13,Products!$A$2:$A$7,Products!$D$2:$D$7,,0) -> 60 | J13: Mac | K13: 0.60941176
A14: 45534 | B14: CO-600 | C14: 422123 | D14: Dennis | E14: 0.50138889 | F14: 0.59375 | G14: =(F14-E14)*60*24 -> 133 | H14: =_xlfn.XLOOKUP(B14,Products!$A$2:$A$7,Products!$D$2:$D$7,,0) -> 60
A15: 45534 | B15: CO-600 | C15: 422124 | D15: Dennis | E15: 0.59375 | F15: 0.66319444 | G15: =(F15-E15)*60*24 -> 100 | H15: =_xlfn.XLOOKUP(B15,Products!$A$2:$A$7,Products!$D$2:$D$7,,0) -> 60
A16: 45534 | B16: CO-600 | C16: 422125 | D16: Charlie | E16: 0.66319444 | F16: 0.71875 | G16: =(F16-E16)*60*24 -> 80 | H16: =_xlfn.XLOOKUP(B16,Products!$A$2:$A$7,Products!$D$2:$D$7,,0) -> 60
A17: 45534 | B17: CO-600 | C17: 422126 | D17: Charlie | E17: 0.71875 | F17: 0.79097222 | G17: =(F17-E17)*60*24 -> 104 | H17: =_xlfn.XLOOKUP(B17,Products!$A$2:$A$7,Products!$D$2:$D$7,,0) -> 60
A18: 45534 | B18: CO-600 | C18: 422127 | D18: Charlie | E18: 0.79097222 | F18: 0.84861111 | G18: =(F18-E18)*60*24 -> 83 | H18: =_xlfn.XLOOKUP(B18,Products!$A$2:$A$7,Products!$D$2:$D$7,,0) -> 60
A19: 45534 | B19: CO-600 | C19: 422128 | D19: Charlie | E19: 0.84861111 | F19: 0.92638889 | G19: =(F19-E19)*60*24 -> 112 | H19: =_xlfn.XLOOKUP(B19,Products!$A$2:$A$7,Products!$D$2:$D$7,,0) -> 60
A20: 45534 | B20: CO-600 | C20: 422129 | D20: Charlie | E20: 0.92638889 | F20: 0.97847222 | G20: =(F20-E20)*60*24 -> 75 | H20: =_xlfn.XLOOKUP(B20,Products!$A$2:$A$7,Products!$D$2:$D$7,,0) -> 60
A21: 45535 | B21: CO-600 | C21: 422130 | D21: Dee | E21: 0.32291667 | F21: 0.37847222 | G21: =(F21-E21)*60*24 -> 80 | H21: =_xlfn.XLOOKUP(B21,Products!$A$2:$A$7,Products!$D$2:$D$7,,0) -> 60
A22: 45535 | B22: CO-600 | C22: 422131 | D22: Dee | E22: 0.37847222 | F22: 0.44097222 | G22: =(F22-E22)*60*24 -> 90 | H22: =_xlfn.XLOOKUP(B22,Products!$A$2:$A$7,Products!$D$2:$D$7,,0) -> 60
A23: 45535 | B23: CO-600 | C23: 422132 | D23: Dee | E23: 0.44097222 | F23: 0.48263889 | G23: =(F23-E23)*60*24 -> 60 | H23: =_xlfn.XLOOKUP(B23,Products!$A$2:$A$7,Products!$D$2:$D$7,,0) -> 60
A24: 45535 | B24: DC-600 | C24: 422133 | D24: Dee | E24: 0.48263889 | F24: 0.53819444 | G24: =(F24-E24)*60*24 -> 80 | H24: =_xlfn.XLOOKUP(B24,Products!$A$2:$A$7,Products!$D$2:$D$7,,0) -> 60
A25: 45535 | B25: DC-600 | C25: 422134 | D25: Mac | E25: 0.53819444 | F25: 0.61458333 | G25: =(F25-E25)*60*24 -> 110 | H25: =_xlfn.XLOOKUP(B25,Products!$A$2:$A$7,Products!$D$2:$D$7,,0) -> 60
... A39: 45538 | B39: CO-2L | C39: 422148 | D39: Mac | E39: 0.95486111 | F39: 1.0451389 | G39: =(F39-E39)*60*24 -> 130 | H39: =_xlfn.XLOOKUP(B39,Products!$A$2:$A$7,Products!$D$2:$D$7,,0) -> 98

Sheet Products
A1: Product | B1: Flavor | C1: Size | D1: Min batch time
A2: OR-600 | B2: Orange | C2: 600 ml | D2: 60
A3: LE-600 | B3: Lemon lime | C3: 600 ml | D3: 60
A4: CO-600 | B4: Cola | C4: 600 ml | D4: 60
A5: DC-600 | B5: Diet Cola | C5: 600 ml | D5: 60
A6: RB-600 | B6: Root Beer | C6: 600 ml | D6: 60
A7: CO-2L | B7: Cola | C7: 2 L | D7: 98

Sheet Downtime factors
A1: Factor | B1: Description | C1: Operator Error | D1: Downtime | E1: Pareto
A2: 6 | B2: Machine adjustment | C2: Yes | D2: =SUM(INDEX('Line downtime'!$C$3:$O$40,,MATCH($A2,'Line downtime'!$C$2:$N$2,0))) -> 332 | E2: =SUM($D$2:D2)/SUM($D$2:$D$13) -> 0.23919308
A3: 7 | B3: Machine failure | C3: No | D3: =SUM(INDEX('Line downtime'!$C$3:$O$40,,MATCH($A3,'Line downtime'!$C$2:$N$2,0))) -> 254 | E3: =SUM($D$2:D3)/SUM($D$2:$D$13) -> 0.4221902
A4: 4 | B4: Inventory shortage | C4: No | D4: =SUM(INDEX('Line downtime'!$C$3:$O$40,,MATCH($A4,'Line downtime'!$C$2:$N$2,0))) -> 225 | E4: =SUM($D$2:D4)/SUM($D$2:$D$13) -> 0.58429395
A5: 2 | B5: Batch change | C5: Yes | D5: =SUM(INDEX('Line downtime'!$C$3:$O$40,,MATCH($A5,'Line downtime'!$C$2:$N$2,0))) -> 160 | E5: =SUM($D$2:D5)/SUM($D$2:$D$13) -> 0.69956772
A6: 8 | B6: Batch coding error | C6: Yes | D6: =SUM(INDEX('Line downtime'!$C$3:$O$40,,MATCH($A6,'Line downtime'!$C$2:$N$2,0))) -> 145 | E6: =SUM($D$2:D6)/SUM($D$2:$D$13) -> 0.80403458
A7: 12 | B7: Other | C7: No | D7: =SUM(INDEX('Line downtime'!$C$3:$O$40,,MATCH($A7,'Line downtime'!$C$2:$N$2,0))) -> 74 | E7: =SUM($D$2:D7)/SUM($D$2:$D$13) -> 0.8573487
A8: 5 | B8: Product spill | C8: Yes | D8: =SUM(INDEX('Line downtime'!$C$3:$O$40,,MATCH($A8,'Line downtime'!$C$2:$N$2,0))) -> 57 | E8: =SUM($D$2:D8)/SUM($D$2:$D$13) -> 0.89841499
A9: 10 | B9: Calibration error | C9: Yes | D9: =SUM(INDEX('Line downtime'!$C$3:$O$40,,MATCH($A9,'Line downtime'!$C$2:$N$2,0))) -> 49 | E9: =SUM($D$2:D9)/SUM($D$2:$D$13) -> 0.93371758
A10: 3 | B10: Labeling error | C10: No | D10: =SUM(INDEX('Line downtime'!$C$3:$O$40,,MATCH($A10,'Line downtime'!$C$2:$N$2,0))) -> 42 | E10: =SUM($D$2:D10)/SUM($D$2:$D$13) -> 0.96397695
A11: 11 | B11: Label switch | C11: Yes | D11: =SUM(INDEX('Line downtime'!$C$3:$O$40,,MATCH($A11,'Line downtime'!$C$2:$N$2,0))) -> 33 | E11: =SUM($D$2:D11)/SUM($D$2:$D$13) -> 0.98775216
A12: 9 | B12: Conveyor belt jam | C12: No | D12: =SUM(INDEX('Line downtime'!$C$3:$O$40,,MATCH($A12,'Line downtime'!$C$2:$N$2,0))) -> 17 | E12: =SUM($D$2:D12)/SUM($D$2:$D$13) -> 1
A13: 1 | B13: Emergency stop | C13: No | D13: =SUM(INDEX('Line downtime'!$C$3:$O$40,,MATCH($A13,'Line downtime'!$C$2:$N$2,0))) -> 0 | E13: =SUM($D$2:D13)/SUM($D$2:$D$13) -> 1

Sheet Line downtime
C1: Downtime factor
A2: Batch | B2: Operator | C2: 1 | D2: 2 | E2: 3 | F2: 4 | G2: 5 | H2: 6 | I2: 7 | J2: 8 | K2: 9 | L2: 10 | M2: 11 | N2: 12
A3: 422111 | B3: =_xlfn.XLOOKUP(A3,'Line productivity'!$C$2:$C$39,'Line productivity'!$D$2:$D$39,,0) -> Mac | D3: 60 | I3: 15
A4: 422112 | B4: =_xlfn.XLOOKUP(A4,'Line productivity'!$C$2:$C$39,'Line productivity'!$D$2:$D$39,,0) -> Mac | D4: 20 | J4: 20
A5: 422113 | B5: =_xlfn.XLOOKUP(A5,'Line productivity'!$C$2:$C$39,'Line productivity'!$D$2:$D$39,,0) -> Mac | D5: 50
A6: 422114 | B6: =_xlfn.XLOOKUP(A6,'Line productivity'!$C$2:$C$39,'Line productivity'!$D$2:$D$39,,0) -> Mac | F6: 25 | H6: 15
A7: 422115 | B7: =_xlfn.XLOOKUP(A7,'Line productivity'!$C$2:$C$39,'Line productivity'!$D$2:$D$39,,0) -> Charlie | L7: 24
A8: 422116 | B8: =_xlfn.XLOOKUP(A8,'Line productivity'!$C$2:$C$39,'Line productivity'!$D$2:$D$39,,0) -> Charlie
A9: 422117 | B9: =_xlfn.XLOOKUP(A9,'Line productivity'!$C$2:$C$39,'Line productivity'!$D$2:$D$39,,0) -> Charlie | D9: 10 | H9: 5
A10: 422118 | B10: =_xlfn.XLOOKUP(A10,'Line productivity'!$C$2:$C$39,'Line productivity'!$D$2:$D$39,,0) -> Dee | H10: 14 | I10: 16 | M10: 10 | N10: 20
A11: 422119 | B11: =_xlfn.XLOOKUP(A11,'Line productivity'!$C$2:$C$39,'Line productivity'!$D$2:$D$39,,0) -> Dee | F11: 25
A12: 422120 | B12: =_xlfn.XLOOKUP(A12,'Line productivity'!$C$2:$C$39,'Line productivity'!$D$2:$D$39,,0) -> Dee | F12: 20 | G12: 15 | K12: 17
A13: 422121 | B13: =_xlfn.XLOOKUP(A13,'Line productivity'!$C$2:$C$39,'Line productivity'!$D$2:$D$39,,0) -> Dennis | I13: 15
A14: 422122 | B14: =_xlfn.XLOOKUP(A14,'Line productivity'!$C$2:$C$39,'Line productivity'!$D$2:$D$39,,0) -> Dennis | I14: 25
A15: 422123 | B15: =_xlfn.XLOOKUP(A15,'Line productivity'!$C$2:$C$39,'Line productivity'!$D$2:$D$39,,0) -> Dennis | F15: 43 | I15: 30
A16: 422124 | B16: =_xlfn.XLOOKUP(A16,'Line productivity'!$C$2:$C$39,'Line productivity'!$D$2:$D$39,,0) -> Dennis | G16: 20 | H16: 20
A17: 422125 | B17: =_xlfn.XLOOKUP(A17,'Line productivity'!$C$2:$C$39,'Line productivity'!$D$2:$D$39,,0) -> Charlie | M17: 10 | N17: 10
A18: 422126 | B18: =_xlfn.XLOOKUP(A18,'Line productivity'!$C$2:$C$39,'Line productivity'!$D$2:$D$39,,0) -> Charlie | J18: 44
A19: 422127 | B19: =_xlfn.XLOOKUP(A19,'Line productivity'!$C$2:$C$39,'Line productivity'!$D$2:$D$39,,0) -> Charlie | H19: 23
A20: 422128 | B20: =_xlfn.XLOOKUP(A20,'Line productivity'!$C$2:$C$39,'Line productivity'!$D$2:$D$39,,0) -> Charlie | G20: 22 | I20: 30
A21: 422129 | B21: =_xlfn.XLOOKUP(A21,'Line productivity'!$C$2:$C$39,'Line productivity'!$D$2:$D$39,,0) -> Charlie | N21: 15
A22: 422130 | B22: =_xlfn.XLOOKUP(A22,'Line productivity'!$C$2:$C$39,'Line productivity'!$D$2:$D$39,,0) -> Dee | D22: 20
A23: 422131 | B23: =_xlfn.XLOOKUP(A23,'Line productivity'!$C$2:$C$39,'Line productivity'!$D$2:$D$39,,0) -> Dee | F23: 20 | L23: 10
A24: 422132 | B24: =_xlfn.XLOOKUP(A24,'Line productivity'!$C$2:$C$39,'Line productivity'!$D$2:$D$39,,0) -> Dee
A25: 422133 | B25: =_xlfn.XLOOKUP(A25,'Line productivity'!$C$2:$C$39,'Line productivity'!$D$2:$D$39,,0) -> Dee | I25: 20
A26: 422134 | B26: =_xlfn.XLOOKUP(A26,'Line productivity'!$C$2:$C$39,'Line productivity'!$D$2:$D$39,,0) -> Mac | I26: 30 | J26: 20
A27: 422135 | B27: =_xlfn.XLOOKUP(A27,'Line productivity'!$C$2:$C$39,'Line productivity'!$D$2:$D$39,,0) -> Mac | F27: 30 | N27: 15
A28: 422136 | B28: =_xlfn.XLOOKUP(A28,'Line productivity'!$C$2:$C$39,'Line productivity'!$D$2:$D$39,,0) -> Mac
A29: 422137 | B29: =_xlfn.XLOOKUP(A29,'Line productivity'!$C$2:$C$39,'Line productivity'!$D$2:$D$39,,0) -> Dee | J29: 30 | L29: 15
A30: 422138 | B30: =_xlfn.XLOOKUP(A30,'Line productivity'!$C$2:$C$39,'Line productivity'!$D$2:$D$39,,0) -> Dee | E30: 20
A31: 422139 | B31: =_xlfn.XLOOKUP(A31,'Line productivity'!$C$2:$C$39,'Line productivity'!$D$2:$D$39,,0) -> Dee | F31: 20 | H31: 15
A32: 422140 | B32: =_xlfn.XLOOKUP(A32,'Line productivity'!$C$2:$C$39,'Line productivity'!$D$2:$D$39,,0) -> Dee | H32: 50 | M32: 13
A33: 422141 | B33: =_xlfn.XLOOKUP(A33,'Line productivity'!$C$2:$C$39,'Line productivity'!$D$2:$D$39,,0) -> Dennis | N33: 7
A34: 422142 | B34: =_xlfn.XLOOKUP(A34,'Line productivity'!$C$2:$C$39,'Line productivity'!$D$2:$D$39,,0) -> Dennis | H34: 30
A35: 422143 | B35: =_xlfn.XLOOKUP(A35,'Line productivity'!$C$2:$C$39,'Line productivity'!$D$2:$D$39,,0) -> Dennis | H35: 40 | I35: 18
A36: 422144 | B36: =_xlfn.XLOOKUP(A36,'Line productivity'!$C$2:$C$39,'Line productivity'!$D$2:$D$39,,0) -> Dennis | H36: 30 | J36: 24
A37: 422145 | B37: =_xlfn.XLOOKUP(A37,'Line productivity'!$C$2:$C$39,'Line productivity'!$D$2:$D$39,,0) -> Charlie | E37: 22
A38: 422146 | B38: =_xlfn.XLOOKUP(A38,'Line productivity'!$C$2:$C$39,'Line productivity'!$D$2:$D$39,,0) -> Charlie | H38: 30 | I38: 25 | N38: 7
A39: 422147 | B39: =_xlfn.XLOOKUP(A39,'Line productivity'!$C$2:$C$39,'Line productivity'!$D$2:$D$39,,0) -> Charlie | F39: 17 | H39: 60 | I39: 30
A40: 422148 | B40: =_xlfn.XLOOKUP(A40,'Line productivity'!$C$2:$C$39,'Line productivity'!$D$2:$D$39,,0) -> Mac | F40: 25 | J40: 7

Sheet Dashboard
C32: {=TRANSPOSE('Downtime factors'!$A$2:$B$6)} -> 6 | D32: 7 | E32: 4 | F32: 2 | G32: 8
C33: Machine adjustment | D33: Machine failure | E33: Inventory shortage | F33: Batch change | G33: Batch coding error
B34: Charlie | C34: =SUMIFS(INDEX('Line downtime'!$C$3:$N$40,,MATCH(Dashboard!C$32,'Line downtime'!$C$2:$N$2,0)),'Line downtime'!$B$3:$B$40,Dashboard!$B34) -> 118 | D34: =SUMIFS(INDEX('Line downtime'!$C$3:$N$40,,MATCH(Dashboard!D$32,'Line downtime'!$C$2:$N$2,0)),'Line downtime'!$B$3:$B$40,Dashboard!$B34) -> 85 | E34: =SUMIFS(INDEX('Line downtime'!$C$3:$N$40,,MATCH(Dashboard!E$32,'Line downtime'!$C$2:$N$2,0)),'Line downtime'!$B$3:$B$40,Dashboard!$B34) -> 17 | F34: =SUMIFS(INDEX('Line downtime'!$C$3:$N$40,,MATCH(Dashboard!F$32,'Line downtime'!$C$2:$N$2,0)),'Line downtime'!$B$3:$B$40,Dashboard!$B34) -> 10 | G34: =SUMIFS(INDEX('Line downtime'!$C$3:$N$40,,MATCH(Dashboard!G$32,'Line downtime'!$C$2:$N$2,0)),'Line downtime'!$B$3:$B$40,Dashboard!$B34) -> 44
B35: Dee | C35: =SUMIFS(INDEX('Line downtime'!$C$3:$N$40,,MATCH(Dashboard!C$32,'Line downtime'!$C$2:$N$2,0)),'Line downtime'!$B$3:$B$40,Dashboard!$B35) -> 79 | D35: =SUMIFS(INDEX('Line downtime'!$C$3:$N$40,,MATCH(Dashboard!D$32,'Line downtime'!$C$2:$N$2,0)),'Line downtime'!$B$3:$B$40,Dashboard!$B35) -> 36 | E35: =SUMIFS(INDEX('Line downtime'!$C$3:$N$40,,MATCH(Dashboard!E$32,'Line downtime'!$C$2:$N$2,0)),'Line downtime'!$B$3:$B$40,Dashboard!$B35) -> 85 | F35: =SUMIFS(INDEX('Line downtime'!$C$3:$N$40,,MATCH(Dashboard!F$32,'Line downtime'!$C$2:$N$2,0)),'Line downtime'!$B$3:$B$40,Dashboard!$B35) -> 20 | G35: =SUMIFS(INDEX('Line downtime'!$C$3:$N$40,,MATCH(Dashboard!G$32,'Line downtime'!$C$2:$N$2,0)),'Line downtime'!$B$3:$B$40,Dashboard!$B35) -> 30
B36: Dennis | C36: =SUMIFS(INDEX('Line downtime'!$C$3:$N$40,,MATCH(Dashboard!C$32,'Line downtime'!$C$2:$N$2,0)),'Line downtime'!$B$3:$B$40,Dashboard!$B36) -> 120 | D36: =SUMIFS(INDEX('Line downtime'!$C$3:$N$40,,MATCH(Dashboard!D$32,'Line downtime'!$C$2:$N$2,0)),'Line downtime'!$B$3:$B$40,Dashboard!$B36) -> 88 | E36: =SUMIFS(INDEX('Line downtime'!$C$3:$N$40,,MATCH(Dashboard!E$32,'Line downtime'!$C$2:$N$2,0)),'Line downtime'!$B$3:$B$40,Dashboard!$B36) -> 43 | F36: =SUMIFS(INDEX('Line downtime'!$C$3:$N$40,,MATCH(Dashboard!F$32,'Line downtime'!$C$2:$N$2,0)),'Line downtime'!$B$3:$B$40,Dashboard!$B36) -> 0 | G36: =SUMIFS(INDEX('Line downtime'!$C$3:$N$40,,MATCH(Dashboard!G$32,'Line downtime'!$C$2:$N$2,0)),'Line downtime'!$B$3:$B$40,Dashboard!$B36) -> 24
B37: Mac | C37: =SUMIFS(INDEX('Line downtime'!$C$3:$N$40,,MATCH(Dashboard!C$32,'Line downtime'!$C$2:$N$2,0)),'Line downtime'!$B$3:$B$40,Dashboard!$B37) -> 15 | D37: =SUMIFS(INDEX('Line downtime'!$C$3:$N$40,,MATCH(Dashboard!D$32,'Line downtime'!$C$2:$N$2,0)),'Line downtime'!$B$3:$B$40,Dashboard!$B37) -> 45 | E37: =SUMIFS(INDEX('Line downtime'!$C$3:$N$40,,MATCH(Dashboard!E$32,'Line downtime'!$C$2:$N$2,0)),'Line downtime'!$B$3:$B$40,Dashboard!$B37) -> 80 | F37: =SUMIFS(INDEX('Line downtime'!$C$3:$N$40,,MATCH(Dashboard!F$32,'Line downtime'!$C$2:$N$2,0)),'Line downtime'!$B$3:$B$40,Dashboard!$B37) -> 130 | G37: =SUMIFS(INDEX('Line downtime'!$C$3:$N$40,,MATCH(Dashboard!G$32,'Line downtime'!$C$2:$N$2,0)),'Line downtime'!$B$3:$B$40,Dashboard!$B37) -> 47
